{
  "sum_rate": {
    "mean": 39.53345807472341,
    "std": 16.37289950002771,
    "min": 15.02477161990041,
    "max": 130.25490833870742
  },
  "mean_sensing_sinr_db": {
    "mean": 14.41640951808967,
    "std": 1.0674657137622212,
    "min": 11.0453554254045,
    "max": 18.7994563345396
  },
  "mean_crb": {
    "mean": 0.0,
    "std": 0.0,
    "min": 0.0,
    "max": 0.0
  },
  "joint_satisfaction": {
    "mean": 0.5085416666666667,
    "std": 0.02090716085459717,
    "min": 0.4166666666666667,
    "max": 0.65
  },
  "sca_fp_iterations_warm": {
    "mean": 2.0,
    "std": 0.0,
    "min": 2.0,
    "max": 2.0
  },
  "sca_fp_iterations_cold": {
    "mean": 2.695,
    "std": 0.460407428263272,
    "min": 2.0,
    "max": 3.0
  },
  "sca_fp_speedup": {
    "mean": 1.3475,
    "std": 0.230203714131636,
    "min": 1.0,
    "max": 1.5
  },
  "inference_latency_ms": {
    "mean": 316.8887233734131,
    "std": 41.19663802471298,
    "min": 307.92689323425293,
    "max": 897.2578048706055
  },
  "num_samples": 200
}
