{
  "sum_rate": {
    "mean": 39.695688692465694,
    "std": 16.284691621097036,
    "min": 14.344109223346122,
    "max": 122.44584045700658
  },
  "mean_sensing_sinr_db": {
    "mean": 14.4174007791848,
    "std": 1.0678356117945815,
    "min": 11.04682485863942,
    "max": 18.804824750082314
  },
  "mean_crb": {
    "mean": 0.0,
    "std": 0.0,
    "min": 0.0,
    "max": 0.0
  },
  "joint_satisfaction": {
    "mean": 0.5062916666666667,
    "std": 0.02490952378107618,
    "min": 0.4166666666666667,
    "max": 0.65
  },
  "sca_fp_iterations_warm": {
    "mean": 2.0,
    "std": 0.0,
    "min": 2.0,
    "max": 2.0
  },
  "sca_fp_iterations_cold": {
    "mean": 2.695,
    "std": 0.460407428263272,
    "min": 2.0,
    "max": 3.0
  },
  "sca_fp_speedup": {
    "mean": 1.3475,
    "std": 0.230203714131636,
    "min": 1.0,
    "max": 1.5
  },
  "inference_latency_ms": {
    "mean": 316.7919707298279,
    "std": 41.47642778621661,
    "min": 308.7444305419922,
    "max": 901.219367980957
  },
  "num_samples": 200
}
